name,category,confidence,notes
World of Warcraft,MMO / Live Service,high,Ongoing MMO with no ending
Final Fantasy XIV,MMO / Live Service,high,MMO with story arcs but no final ending; perpetual live service
Guild Wars 2,MMO / Live Service,high,Ongoing MMO
The Elder Scrolls Online,MMO / Live Service,high,Ongoing MMO
Eve Online,MMO / Live Service,high,Player-driven sandbox MMO with no ending
RuneScape,MMO / Live Service,high,Ongoing MMO since 2001
Old School RuneScape,MMO / Live Service,high,Classic MMO with no ending
Destiny 2,MMO / Live Service,high,Live service looter shooter; seasonal content with no final ending
Star Wars: The Old Republic,MMO / Live Service,high,Ongoing MMO
Black Desert Online,MMO / Live Service,high,Sandbox MMO with no ending
Lost Ark,MMO / Live Service,high,MMO with endless endgame grind
New World,MMO / Live Service,high,MMO with no ending
Warframe,MMO / Live Service,high,Live service looter shooter; no ending
Path of Exile,MMO / Live Service,high,Live service ARPG with seasonal leagues; no ending
Path of Exile 2,MMO / Live Service,high,Live service ARPG; no ending
Diablo IV,MMO / Live Service,high,Campaign is completable but primary mode is endless seasonal live service
The Division 2,MMO / Live Service,high,Campaign completable but live service endgame is primary mode
Phantasy Star Online 2,MMO / Live Service,high,Ongoing MMO
MapleStory,MMO / Live Service,high,Long-running MMO with no ending
Albion Online,MMO / Live Service,high,Sandbox MMO with no ending
Neverwinter,MMO / Live Service,high,MMO with no ending
TERA,MMO / Live Service,high,MMO with no ending (shut down in some regions)
ArcheAge,MMO / Live Service,high,Sandbox MMO
Blade & Soul,MMO / Live Service,high,MMO with no ending
Star Trek Online,MMO / Live Service,high,MMO with no ending
Lord of the Rings Online,MMO / Live Service,high,MMO with no ending
DC Universe Online,MMO / Live Service,high,MMO with no ending
Genshin Impact,MMO / Live Service,high,Live service gacha; ongoing story with no conclusion in sight
Honkai: Star Rail,MMO / Live Service,high,Live service gacha with ongoing story
Wuthering Waves,MMO / Live Service,high,Live service gacha
Tower of Fantasy,MMO / Live Service,high,Live service MMO gacha
Zenless Zone Zero,MMO / Live Service,high,Live service gacha
Anthem,MMO / Live Service,high,Live service (abandoned but no ending existed)
The Crew 2,MMO / Live Service,high,Always-online open world racing with no ending
The Crew Motorfest,MMO / Live Service,high,Always-online open world racing with no ending
Elite Dangerous,MMO / Live Service,high,Open-ended space sim MMO
No Man's Sky,MMO / Live Service,medium,"Has a ""center of the galaxy"" goal but primary play is endless exploration/building"
Sea of Thieves,MMO / Live Service,high,Live service multiplayer pirate sandbox; no ending
Fallout 76,MMO / Live Service,high,Live service MMO with no traditional ending
Skull and Bones,MMO / Live Service,high,Live service with no ending
The First Descendant,MMO / Live Service,high,Live service looter shooter
Helldivers 2,MMO / Live Service,high,Live service co-op shooter with no ending
Deep Rock Galactic,MMO / Live Service,medium,Mission-based co-op with no ending; some consider mastery milestones
Monster Hunter: World,MMO / Live Service,medium,Credits roll after main story but endgame is the real game; borderline
Fortnite,Battle Royale,high,Battle royale / live service with no ending
PUBG: Battlegrounds,Battle Royale,high,Battle royale with no ending
Apex Legends,Battle Royale,high,Battle royale with no ending
Call of Duty: Warzone,Battle Royale,high,Battle royale with no ending
Call of Duty: Warzone 2.0,Battle Royale,high,Battle royale with no ending
Naraka: Bladepoint,Battle Royale,high,Battle royale with no ending
Fall Guys,Battle Royale,high,Party battle royale with no ending
Spellbreak,Battle Royale,high,Battle royale (shut down) with no ending
Hyper Scape,Battle Royale,high,Battle royale (shut down) with no ending
Super People,Battle Royale,high,Battle royale with no ending
The Finals,Battle Royale,high,Multiplayer shooter with no ending
Vampire: The Masquerade - Bloodhunt,Battle Royale,high,Battle royale with no ending
Cuisine Royale / CRSED: F.O.A.D.,Battle Royale,high,Battle royale with no ending
Darwin Project,Battle Royale,high,Battle royale (shut down) with no ending
Realm Royale,Battle Royale,high,Battle royale with no ending
Ring of Elysium,Battle Royale,high,Battle royale with no ending
Minecraft,Sandbox / Creative,medium,"Ender Dragon is a boss but not a traditional ending; most players never ""finish"" it; creative mode is purely endless"
Roblox,Sandbox / Creative,high,Platform of user-created games; no ending
Garry's Mod,Sandbox / Creative,high,Sandbox with no ending
Terraria,Sandbox / Creative,medium,"Has boss progression and ""final"" bosses but many consider it endless sandbox"
Dreams,Sandbox / Creative,high,Creation platform with no ending
LittleBigPlanet 3,Sandbox / Creative,medium,Has story mode but primary appeal is endless user-created content
LEGO Worlds,Sandbox / Creative,high,Sandbox building with no ending
Trove,Sandbox / Creative,high,MMO sandbox with no ending
Creativerse,Sandbox / Creative,high,Sandbox building with no ending
Space Engineers,Sandbox / Creative,high,Sandbox engineering sim with no ending
Empyrion - Galactic Survival,Sandbox / Creative,high,Sandbox survival with no ending
Astroneer,Sandbox / Creative,medium,Has progression goals but no traditional ending
Satisfactory,Sandbox / Creative,medium,Factory builder with progression tiers but no credits/ending
Factorio,Sandbox / Creative,medium,"Launching a rocket is a ""win"" but most players continue indefinitely; freeplay is primary"
Core Keeper,Sandbox / Creative,medium,Has bosses and progression but no definitive ending
Vintage Story,Sandbox / Creative,high,Open-ended survival sandbox
Eco,Sandbox / Creative,high,Sandbox ecosystem sim with no ending
EA Sports FC 25,Sports / Racing,high,Annual sports title; no ending
EA Sports FC 24,Sports / Racing,high,Annual sports title; no ending
FIFA 23,Sports / Racing,high,Annual sports title; no ending
FIFA 22,Sports / Racing,high,Annual sports title; no ending
FIFA 21,Sports / Racing,high,Annual sports title; no ending
FIFA 20,Sports / Racing,high,Annual sports title; no ending
FIFA 19,Sports / Racing,high,Annual sports title; no ending
FIFA 18,Sports / Racing,high,Annual sports title; no ending
FIFA 17,Sports / Racing,high,Annual sports title; no ending
Madden NFL 25,Sports / Racing,high,Annual sports title; no ending
Madden NFL 24,Sports / Racing,high,Annual sports title; no ending
Madden NFL 23,Sports / Racing,high,Annual sports title; no ending
Madden NFL 22,Sports / Racing,high,Annual sports title; no ending
NBA 2K25,Sports / Racing,high,Annual sports title; no ending
NBA 2K24,Sports / Racing,high,Annual sports title; no ending
NBA 2K23,Sports / Racing,high,Annual sports title; no ending
NBA 2K22,Sports / Racing,high,Annual sports title; no ending
NBA 2K21,Sports / Racing,high,Annual sports title; no ending
NBA 2K20,Sports / Racing,high,Annual sports title; no ending
NHL 25,Sports / Racing,high,Annual sports title; no ending
NHL 24,Sports / Racing,high,Annual sports title; no ending
NHL 23,Sports / Racing,high,Annual sports title; no ending
MLB The Show 24,Sports / Racing,high,Annual sports title; no ending
MLB The Show 23,Sports / Racing,high,Annual sports title; no ending
WWE 2K24,Sports / Racing,high,Sports/fighting title; no ending
WWE 2K23,Sports / Racing,high,Sports/fighting title; no ending
PGA Tour 2K23,Sports / Racing,high,Sports title; no ending
F1 24,Sports / Racing,high,Annual racing title; career mode has seasons but no ending
F1 23,Sports / Racing,high,Annual racing title; no ending
F1 22,Sports / Racing,high,Annual racing title; no ending
Gran Turismo 7,Sports / Racing,medium,Has campaign menus but primary mode is endless racing/collecting
Gran Turismo Sport,Sports / Racing,high,Online-focused racing with no ending
Forza Motorsport (2023),Sports / Racing,medium,Has career progression but no definitive ending
Forza Horizon 5,Sports / Racing,medium,"Has ""Hall of Fame"" but no real ending; open world racing"
Forza Horizon 4,Sports / Racing,medium,Open world racing with no real ending
Forza Horizon 3,Sports / Racing,medium,Open world racing with no real ending
Need for Speed Unbound,Sports / Racing,medium,Has story but primary appeal is endless racing
iRacing,Sports / Racing,high,Online racing sim; no ending
Assetto Corsa,Sports / Racing,high,Racing sim with no ending
Assetto Corsa Competizione,Sports / Racing,high,Racing sim with no ending
Project CARS 2,Sports / Racing,high,Racing sim with no ending
Dirt Rally 2.0,Sports / Racing,high,Rally racing with no ending
WRC Generations,Sports / Racing,high,Rally racing with no ending
Wreckfest,Sports / Racing,high,Demolition racing with no ending
TrackMania (2020),Sports / Racing,high,Time trial racing with no ending
Riders Republic,Sports / Racing,high,Extreme sports with no ending
Steep,Sports / Racing,high,Extreme sports with no ending
Tony Hawk's Pro Skater 1+2,Sports / Racing,medium,Has career goals but primary mode is endless skating
Skate 3,Sports / Racing,medium,Has objectives but primary mode is endless skating
Rocket League,Competitive Multiplayer,high,Competitive multiplayer with no ending
Counter-Strike 2,Competitive Multiplayer,high,Competitive multiplayer with no ending
Counter-Strike: Global Offensive,Competitive Multiplayer,high,Competitive multiplayer with no ending
Valorant,Competitive Multiplayer,high,Competitive multiplayer with no ending
Overwatch 2,Competitive Multiplayer,high,Competitive multiplayer with no ending
Dota 2,Competitive Multiplayer,high,MOBA with no ending
League of Legends,Competitive Multiplayer,high,MOBA with no ending
Team Fortress 2,Competitive Multiplayer,high,Multiplayer shooter with no ending
Rainbow Six Siege,Competitive Multiplayer,high,Competitive multiplayer with no ending
Paladins,Competitive Multiplayer,high,Hero shooter with no ending
Smite,Competitive Multiplayer,high,MOBA with no ending
Smite 2,Competitive Multiplayer,high,MOBA with no ending
Heroes of the Storm,Competitive Multiplayer,high,MOBA with no ending
Brawlhalla,Competitive Multiplayer,high,Platform fighter with no ending
MultiVersus,Competitive Multiplayer,high,Platform fighter with no ending
Super Smash Bros. Ultimate,Competitive Multiplayer,medium,Has single-player World of Light but primary mode is endless multiplayer
Splatoon 3,Competitive Multiplayer,medium,Has single-player campaign but primary mode is endless multiplayer
Splatoon 2,Competitive Multiplayer,medium,Has single-player campaign but primary mode is endless multiplayer
Arenas of Valor,Competitive Multiplayer,high,Mobile MOBA with no ending
Wild Rift,Competitive Multiplayer,high,Mobile MOBA with no ending
PUBG Mobile,Battle Royale,high,Mobile battle royale with no ending
Call of Duty Mobile,Competitive Multiplayer,high,Mobile multiplayer shooter with no ending
Among Us,Competitive Multiplayer,high,Social deduction with no ending
Lethal Company,Competitive Multiplayer,high,Co-op horror with no ending; runs are endless
Phasmophobia,Competitive Multiplayer,high,Co-op ghost hunting with no ending; mission-based endless play
Left 4 Dead 2,Competitive Multiplayer,high,Co-op shooter with campaigns but no overarching ending; replay-focused
Killing Floor 2,Competitive Multiplayer,high,Wave-based co-op shooter with no ending
Payday 2,Competitive Multiplayer,high,Co-op heist shooter with no ending
Payday 3,Competitive Multiplayer,high,Co-op heist shooter with no ending
Hunt: Showdown,Competitive Multiplayer,high,Extraction shooter with no ending
Escape from Tarkov,Competitive Multiplayer,high,Extraction shooter with no ending
Insurgency: Sandstorm,Competitive Multiplayer,high,Tactical multiplayer shooter with no ending
Squad,Competitive Multiplayer,high,Tactical multiplayer shooter with no ending
Hell Let Loose,Competitive Multiplayer,high,WWII multiplayer shooter with no ending
Post Scriptum,Competitive Multiplayer,high,WWII multiplayer shooter with no ending
Enlisted,Competitive Multiplayer,high,WWII multiplayer shooter with no ending
War Thunder,Competitive Multiplayer,high,Vehicle combat MMO with no ending
World of Tanks,Competitive Multiplayer,high,Vehicle combat with no ending
World of Warships,Competitive Multiplayer,high,Naval combat with no ending
World of Tanks Blitz,Competitive Multiplayer,high,Mobile vehicle combat with no ending
Hearthstone,Competitive Multiplayer,high,Digital card game with no ending
Magic: The Gathering Arena,Competitive Multiplayer,high,Digital card game with no ending
Legends of Runeterra,Competitive Multiplayer,high,Digital card game with no ending
Yu-Gi-Oh! Master Duel,Competitive Multiplayer,high,Digital card game with no ending
Marvel Snap,Competitive Multiplayer,high,Digital card game with no ending
Gwent: The Witcher Card Game,Competitive Multiplayer,high,Digital card game with no ending
Clash Royale,Competitive Multiplayer,high,Mobile competitive card/tower defense with no ending
Clash of Clans,Competitive Multiplayer,high,Mobile strategy with no ending
Brawl Stars,Competitive Multiplayer,high,Mobile multiplayer with no ending
Auto Chess,Competitive Multiplayer,high,Auto battler with no ending
Teamfight Tactics,Competitive Multiplayer,high,Auto battler with no ending
Dota Underlords,Competitive Multiplayer,high,Auto battler with no ending
Chess.com (app),Competitive Multiplayer,high,Chess with no ending
Lichess,Competitive Multiplayer,high,Chess with no ending
Tabletop Simulator,Sandbox / Creative,high,Board game sandbox with no ending
VRChat,Sandbox / Creative,high,Social VR platform with no ending
Rec Room,Sandbox / Creative,high,Social gaming platform with no ending
Worms W.M.D,Competitive Multiplayer,high,Multiplayer artillery with no ending
Gang Beasts,Competitive Multiplayer,high,Party brawler with no ending
Pummel Party,Competitive Multiplayer,high,Party game with no ending
Golf With Your Friends,Competitive Multiplayer,high,Mini golf multiplayer with no ending
Human: Fall Flat,Sandbox / Creative,medium,Has levels but primarily multiplayer puzzle sandbox
Stumble Guys,Battle Royale,high,Party battle royale with no ending
Dead by Daylight,Competitive Multiplayer,high,Asymmetric multiplayer horror with no ending
Identity V,Competitive Multiplayer,high,Mobile asymmetric multiplayer with no ending
Friday the 13th: The Game,Competitive Multiplayer,high,Asymmetric multiplayer with no ending
The Binding of Isaac: Rebirth,Endless Roguelike,medium,"Has multiple endings but true ""completion"" requires hundreds of hours across all characters/modes; many players treat it as endless"
Noita,Endless Roguelike,medium,"Has endings but randomized runs are effectively endless; completion is extreme"
Spelunky 2,Endless Roguelike,medium,Has endings but run-based structure means most players loop indefinitely
Nuclear Throne,Endless Roguelike,medium,Has a throne but loops make it effectively endless
Enter the Gungeon,Endless Roguelike,medium,"Has endings but loop structure and unlocks make it feel endless for most"
Risk of Rain 2,Endless Roguelike,medium,Runs literally go on forever with looping stages; no forced ending
Vampire Survivors,Endless Roguelike,medium,Has unlocks and achievements but runs are endless score chases
Deep Rock Galactic: Survivor,Endless Roguelike,medium,Roguelike survivor with no definitive ending
Brotato,Endless Roguelike,medium,Survivor-like with endless runs
20 Minutes Till Dawn,Endless Roguelike,medium,Survivor-like with endless runs
Slay the Spire,Endless Roguelike,medium,"Has Act 4 ending but Ascension 20 on all characters is effectively endless for most"
Balatro,Endless Roguelike,medium,Has win conditions but endless difficulty scaling; most treat as endless
Cult of the Lamb,Endless Roguelike,medium,"Has ending for narrative but base management and runs continue; borderline"
Loop Hero,Endless Roguelike,medium,Has a final boss but loop structure is inherently endless
The Sims 4,Simulation / Management,high,Life sim with no ending
The Sims 3,Simulation / Management,high,Life sim with no ending
The Sims 2,Simulation / Management,high,Life sim with no ending
The Sims,Simulation / Management,high,Life sim with no ending
Cities: Skylines,Simulation / Management,high,City builder with no ending
Cities: Skylines II,Simulation / Management,high,City builder with no ending
SimCity (2013),Simulation / Management,high,City builder with no ending
SimCity 4,Simulation / Management,high,City builder with no ending
Planet Coaster,Simulation / Management,high,Theme park builder with no ending
Planet Coaster 2,Simulation / Management,high,Theme park builder with no ending
Planet Zoo,Simulation / Management,high,Zoo builder with no ending
RollerCoaster Tycoon 3,Simulation / Management,high,Theme park builder; scenarios completable but sandbox is primary
RollerCoaster Tycoon 2,Simulation / Management,high,Theme park builder with scenarios but no overall ending
Jurassic World Evolution 2,Simulation / Management,medium,Has campaign but sandbox mode is primary for many
Two Point Hospital,Simulation / Management,medium,Has completable campaign but sandbox/endless mode exists
Two Point Campus,Simulation / Management,medium,Has completable campaign but sandbox mode exists
Prison Architect,Simulation / Management,high,Sandbox management with no ending
Dwarf Fortress,Simulation / Management,high,Fortress mode has no ending; you play until you lose
RimWorld,Simulation / Management,medium,"Has a ""launch the ship"" ending but most players never use it; primary play is endless colony management"
Oxygen Not Included,Simulation / Management,high,Colony survival with no ending
Frostpunk,Simulation / Management,medium,Has completable scenarios but endless mode exists; campaign has endings
Banished,Simulation / Management,high,City builder/survival with no ending
Foundation,Simulation / Management,high,Medieval city builder with no ending
Manor Lords,Simulation / Management,high,Medieval city builder with no ending
Going Medieval,Simulation / Management,high,Colony builder with no ending
Tropico 6,Simulation / Management,medium,Has campaign missions but sandbox is primary
Anno 1800,Simulation / Management,medium,Has campaign but sandbox/endless play is how most play
Civilization VI,Simulation / Management,medium,"Games have victory conditions but no ""ending""; most players play endless rounds"
Civilization V,Simulation / Management,medium,Games have victory conditions but inherently replayable with no ending
Crusader Kings III,Simulation / Management,high,Grand strategy with no ending; games end at date cutoff but no narrative conclusion
Europa Universalis IV,Simulation / Management,high,Grand strategy with no ending
Hearts of Iron IV,Simulation / Management,high,Grand strategy with no ending
Stellaris,Simulation / Management,high,Grand strategy with no ending
Victoria 3,Simulation / Management,high,Grand strategy with no ending
Total War: Warhammer III,Simulation / Management,medium,"Campaign has objectives but sandbox/multiplayer is primary; Immortal Empires has no ending"
Football Manager 2024,Simulation / Management,high,Management sim with no ending; you manage forever
Football Manager 2023,Simulation / Management,high,Management sim with no ending
Football Manager 2022,Simulation / Management,high,Management sim with no ending
Motorsport Manager,Simulation / Management,high,Management sim with no ending
Animal Crossing: New Horizons,Simulation / Management,high,Life sim with no ending
Animal Crossing: New Leaf,Simulation / Management,high,Life sim with no ending
Stardew Valley,Simulation / Management,medium,"Has ""Perfection"" tracker and Grandpa evaluation but no credits or traditional ending; most play indefinitely"
Harvest Moon / Story of Seasons series,Simulation / Management,medium,Farm sims with year cycles but no ending
My Time at Portia,Simulation / Management,medium,Has main story but farm/craft loop continues indefinitely
Farming Simulator 22,Simulation / Management,high,Farming sim with no ending
Farming Simulator 19,Simulation / Management,high,Farming sim with no ending
Euro Truck Simulator 2,Simulation / Management,high,Driving sim with no ending
American Truck Simulator,Simulation / Management,high,Driving sim with no ending
Train Sim World 4,Simulation / Management,high,Train sim with no ending
Microsoft Flight Simulator (2020),Simulation / Management,high,Flight sim with no ending
Microsoft Flight Simulator 2024,Simulation / Management,high,Flight sim with no ending
X-Plane 12,Simulation / Management,high,Flight sim with no ending
Kerbal Space Program,Simulation / Management,high,Space sim sandbox with no ending
Kerbal Space Program 2,Simulation / Management,high,Space sim sandbox with no ending
House Flipper,Simulation / Management,medium,Has jobs to complete but sandbox renovation continues indefinitely
PowerWash Simulator,Simulation / Management,medium,Has career mode that is completable; but many treat it as endless zen
Car Mechanic Simulator 2021,Simulation / Management,high,Workshop sim with no ending
PC Building Simulator 2,Simulation / Management,high,Workshop sim with no ending
Cooking Simulator,Simulation / Management,medium,Has career mode but sandbox is primary
Game Dev Tycoon,Simulation / Management,medium,Has a time limit but most restart; no narrative ending
Software Inc.,Simulation / Management,high,Business sim with no ending
Startup Company,Simulation / Management,high,Business sim with no ending
OpenTTD,Simulation / Management,high,Transport tycoon with no ending
Transport Fever 2,Simulation / Management,high,Transport sim with no ending
Workers & Resources: Soviet Republic,Simulation / Management,high,City builder with no ending
Timberborn,Simulation / Management,high,Beaver city builder with no ending
Surviving Mars,Simulation / Management,medium,Has mysteries (storylines) but sandbox has no ending
Northgard,Simulation / Management,medium,Has campaign but multiplayer/skirmish is primary and endless
They Are Billions,Simulation / Management,medium,Has campaign but survival mode is endless
Parkitect,Simulation / Management,high,Theme park builder with no ending
Megaquarium,Simulation / Management,medium,Has campaign but sandbox is endless
Beat Saber,Music / Rhythm,high,Rhythm game with no ending; score chase
Osu!,Music / Rhythm,high,Rhythm game with no ending; score chase
Guitar Hero III,Music / Rhythm,medium,Has career mode but primary mode is endless score chase
Rock Band 4,Music / Rhythm,medium,Has career mode but primary mode is endless multiplayer/score chase
Crypt of the NecroDancer,Music / Rhythm,medium,Has endings per character but rhythm roguelike structure is effectively endless
Thumper,Music / Rhythm,medium,Has levels and a final boss; borderline
Audiosurf 2,Music / Rhythm,high,Generates tracks from music; no ending
Spin Rhythm XD,Music / Rhythm,high,Rhythm game with no ending
Synth Riders,Music / Rhythm,high,VR rhythm game with no ending
Pistol Whip,Music / Rhythm,medium,Has campaign/scenes but primary mode is score chase
DJ Max Respect V,Music / Rhythm,high,Rhythm game with no ending
Rust,Survival,high,Multiplayer survival with server wipes; no ending
DayZ,Survival,high,Survival with no ending
ARK: Survival Evolved,Survival,medium,Has boss fights and an ascension ending but most play as endless sandbox survival
ARK: Survival Ascended,Survival,medium,Has boss fights but primarily endless sandbox survival
Conan Exiles,Survival,high,Survival sandbox with no ending
7 Days to Die,Survival,high,Zombie survival with no ending; horde nights repeat indefinitely
The Forest,Survival,medium,Has a story ending but many play purely as survival sandbox
Sons of the Forest,Survival,medium,Has a story ending but survival sandbox is primary for many
Valheim,Survival,medium,Has bosses to defeat but no credits; progression continues and building is endless
Grounded,Survival,medium,Has a story ending but survival/building continues
Raft,Survival,medium,Has a story ending; borderline
Subnautica,Survival,medium,Has a clear ending but many play as endless survival sandbox; borderline
Project Zomboid,Survival,high,Zombie survival with no ending; you survive until you die
Unturned,Survival,high,Survival with no ending
Scum,Survival,high,Survival with no ending
Miscreated,Survival,high,Survival with no ending
The Long Dark,Survival,medium,Survival mode has no ending; story mode (Wintermute) does have endings
Icarus,Survival,medium,Mission-based but no overarching ending
Enshrouded,Survival,medium,Has progression and bosses but no definitive ending
Palworld,Survival,medium,Has tower bosses but primarily endless survival sandbox
V Rising,Survival,medium,Has boss progression but no definitive ending; server-based play
Osiris: New Dawn,Survival,high,Survival with no ending
Green Hell,Survival,medium,Has story mode ending but survival mode is endless
Stranded Deep,Survival,medium,Has an ending (escape) but many play as endless survival
Don't Starve Together,Survival,high,Survival with no true ending; endless world
Don't Starve,Survival,medium,Adventure Mode has an ending but Survival mode is endless; most play survival
Nightingale,Survival,high,Survival crafting with no ending
Soulmask,Survival,high,Survival with no ending
Once Human,Survival,high,Live service survival with no ending
Street Fighter 6,Fighting,medium,Has World Tour story mode but primary mode is endless competitive multiplayer
Street Fighter V,Fighting,medium,Has story mode but primary mode is endless competitive
Tekken 8,Fighting,medium,Has story mode but primary mode is endless competitive
Tekken 7,Fighting,medium,Has story mode but primary mode is endless competitive
Mortal Kombat 1 (2023),Fighting,medium,Has story mode but primary mode is endless competitive
Mortal Kombat 11,Fighting,medium,Has story mode but primary mode is endless competitive
Guilty Gear Strive,Fighting,medium,Has story mode (non-interactive) but primary mode is endless competitive
Dragon Ball FighterZ,Fighting,medium,Has story mode but primary mode is endless competitive
Granblue Fantasy Versus: Rising,Fighting,medium,Has RPG mode but primary mode is endless competitive
King of Fighters XV,Fighting,medium,Has story but primary mode is endless competitive
Injustice 2,Fighting,medium,Has story mode but primary mode is endless competitive
Killer Instinct,Fighting,medium,Has story mode but primary mode is endless competitive
SoulCalibur VI,Fighting,medium,Has story modes but primary mode is endless competitive
Under Night In-Birth II,Fighting,medium,Has story but primary mode is endless competitive
Rivals of Aether II,Fighting,high,Platform fighter with no story; purely competitive
Skullgirls 2nd Encore,Fighting,medium,Has story mode but primary mode is endless competitive
For Honor,Fighting,high,Live service multiplayer fighting; no ending
Naruto to Boruto: Shinobi Striker,Fighting,high,Multiplayer arena fighter with no ending
Call of Duty: Modern Warfare II (2022) Multiplayer,Competitive Multiplayer,high,Multiplayer has no ending (campaign is separate and completable)
Call of Duty: Modern Warfare III (2023) Multiplayer,Competitive Multiplayer,high,Multiplayer has no ending
Call of Duty: Black Ops 6 Multiplayer,Competitive Multiplayer,high,Multiplayer has no ending
Call of Duty: Black Ops Cold War Multiplayer,Competitive Multiplayer,high,Multiplayer has no ending
Call of Duty: Vanguard Multiplayer,Competitive Multiplayer,high,Multiplayer has no ending
Battlefield 2042,Competitive Multiplayer,high,Multiplayer shooter with no ending
Battlefield V Multiplayer,Competitive Multiplayer,high,Multiplayer shooter with no ending
Battlefield 1 Multiplayer,Competitive Multiplayer,high,Multiplayer shooter with no ending
Battlefield 4 Multiplayer,Competitive Multiplayer,high,Multiplayer shooter with no ending
Halo Infinite Multiplayer,Competitive Multiplayer,high,Multiplayer has no ending (campaign is separate)
Titanfall 2 Multiplayer,Competitive Multiplayer,high,Multiplayer has no ending (campaign is separate)
XDefiant,Competitive Multiplayer,high,Multiplayer shooter with no ending
Splitgate,Competitive Multiplayer,high,Arena shooter with no ending
Quake Champions,Competitive Multiplayer,high,Arena shooter with no ending
Unreal Tournament (series),Competitive Multiplayer,high,Arena shooter with no ending
Diabotical,Competitive Multiplayer,high,Arena shooter with no ending
Chivalry 2,Competitive Multiplayer,high,Medieval multiplayer combat with no ending
Mordhau,Competitive Multiplayer,high,Medieval multiplayer combat with no ending
Destiny 2: PvP/Gambit,Competitive Multiplayer,high,PvP modes have no ending
Knockout City,Competitive Multiplayer,high,Multiplayer dodgeball with no ending (shut down)
Rumbleverse,Competitive Multiplayer,high,Battle royale brawler with no ending (shut down)
Super Animal Royale,Battle Royale,high,Battle royale with no ending
Spellbreak,Battle Royale,high,Battle royale with no ending (shut down)
Pokemon Unite,Competitive Multiplayer,high,MOBA with no ending
Mobile Legends: Bang Bang,Competitive Multiplayer,high,Mobile MOBA with no ending
Guns of Icarus Online,Competitive Multiplayer,high,Airship combat with no ending
Deceit,Competitive Multiplayer,high,Social deduction with no ending
SCP: Secret Laboratory,Competitive Multiplayer,high,Multiplayer horror with no ending
Barotrauma,Competitive Multiplayer,medium,Has campaign missions but primarily co-op submarine gameplay with no ending
Foxhole,Competitive Multiplayer,high,Persistent MMO war with no ending
Ready or Not,Competitive Multiplayer,medium,Has missions but no overarching story ending; tactical shooter
Escape from Tarkov: Arena,Competitive Multiplayer,high,Arena extraction shooter with no ending
Marauders,Competitive Multiplayer,high,Extraction shooter with no ending
Dark and Darker,Competitive Multiplayer,high,Extraction dungeon crawler with no ending
Geometry Wars 3,Endless Roguelike,high,Arcade score chaser with no ending
Super Hexagon,Endless Roguelike,high,Arcade endurance game with no ending
Downwell,Endless Roguelike,medium,Has a final level but roguelike loop is effectively endless
Neon Abyss,Endless Roguelike,medium,Has endings but roguelike loop continues
Dome Keeper,Endless Roguelike,medium,Has prestige mode that loops; runs-based
Plate Up!,Endless Roguelike,high,Restaurant roguelike with endless runs
Stacklands,Endless Roguelike,medium,Has objectives to complete but card game loops continue
Peglin,Endless Roguelike,medium,Roguelike pachinko with endings but loop-based play
Against the Storm,Simulation / Management,medium,Has meta-progression but individual settlements are cycled; no final ending
Frostpunk 2,Simulation / Management,medium,Has completable scenarios
Dungeon Keeper 2,Simulation / Management,medium,Has campaign but skirmish/sandbox is primary
Evil Genius 2,Simulation / Management,medium,Has campaign objectives but base building continues
Oxygen Not Included,Simulation / Management,high,Colony survival with no ending (duplicate removed intent)
Shapez,Simulation / Management,high,Factory puzzle with infinite levels
Dyson Sphere Program,Simulation / Management,high,Factory builder with no ending
Captain of Industry,Simulation / Management,high,Factory/colony builder with no ending
Mindustry,Simulation / Management,high,Factory/tower defense with no ending
Infinifactory,Simulation / Management,medium,Has puzzles that can be completed but sandbox continues
Viscera Cleanup Detail,Simulation / Management,high,Cleaning sim with levels but no overarching ending
Untitled Goose Game,Sandbox / Creative,medium,"Has objectives and a ""to-do list"" ending; borderline completable actually — REMOVE (this IS completable)"
Crab Game,Competitive Multiplayer,high,Multiplayer party game with no ending
Content Warning,Competitive Multiplayer,high,Co-op horror with no ending
Backpack Battles,Competitive Multiplayer,high,Auto battler with no ending
Flyff Universe,MMO / Live Service,high,MMO with no ending
Maplestory 2,MMO / Live Service,high,MMO with no ending (shut down)
Ragnarok Online,MMO / Live Service,high,Classic MMO with no ending
Aion,MMO / Live Service,high,MMO with no ending
Lineage 2,MMO / Live Service,high,MMO with no ending
Cabal Online,MMO / Live Service,high,MMO with no ending
Wizard101,MMO / Live Service,high,MMO with no ending
Pirate101,MMO / Live Service,high,MMO with no ending
AdventureQuest Worlds,MMO / Live Service,high,Browser MMO with no ending
Diablo Immortal,MMO / Live Service,high,Mobile live service ARPG with no ending
Diablo III,MMO / Live Service,medium,Campaign is completable but most playtime is in endless seasonal rifts
Apex Legends Mobile,Battle Royale,high,Mobile battle royale with no ending (shut down)
Free Fire,Battle Royale,high,Mobile battle royale with no ending
Free Fire MAX,Battle Royale,high,Mobile battle royale with no ending
Knives Out,Battle Royale,high,Mobile battle royale with no ending
Mario Kart 8 Deluxe,Sports / Racing,medium,Has Grand Prix cups but primary mode is endless multiplayer racing
Mario Kart Tour,Sports / Racing,high,Mobile racing with no ending
Tetris Effect: Connected,Competitive Multiplayer,high,Puzzle game with no ending; endless modes
Puyo Puyo Tetris 2,Competitive Multiplayer,medium,Has story mode but primary mode is endless puzzle multiplayer
Tetris 99,Competitive Multiplayer,high,Battle royale Tetris with no ending
Pac-Man 99,Competitive Multiplayer,high,Battle royale Pac-Man with no ending
Super Mario Bros. 35,Competitive Multiplayer,high,Battle royale Mario with no ending (shut down)
GeoGuessr,Competitive Multiplayer,high,Geography game with no ending
Jackbox Party Packs,Competitive Multiplayer,high,Party games with no ending
Tabletop Simulator,Sandbox / Creative,high,Board game platform with no ending
Gartic Phone,Competitive Multiplayer,high,Party drawing game with no ending
Overcooked! All You Can Eat,Competitive Multiplayer,medium,Has campaign levels but party co-op is endless
Plate Up!,Competitive Multiplayer,high,Co-op restaurant roguelike with endless runs
Moving Out 2,Competitive Multiplayer,medium,Has levels but co-op party play is the primary mode
Crossy Road,Endless Roguelike,high,Endless runner with no ending
Subway Surfers,Endless Roguelike,high,Endless runner with no ending
Temple Run 2,Endless Roguelike,high,Endless runner with no ending
Jetpack Joyride,Endless Roguelike,high,Endless runner with no ending
Flappy Bird,Endless Roguelike,high,Endless arcade with no ending
Fruit Ninja,Endless Roguelike,high,Endless arcade with no ending
Candy Crush Saga,Simulation / Management,high,Puzzle game with thousands of levels and no ending; continually updated
Angry Birds 2,Simulation / Management,high,Continually updated with no ending
Bejeweled 3,Simulation / Management,high,Puzzle game with endless modes
Words With Friends,Competitive Multiplayer,high,Word game with no ending
Scrabble GO,Competitive Multiplayer,high,Word game with no ending
Wordle (app versions),Competitive Multiplayer,high,Daily puzzle with no ending
Coin Master,Simulation / Management,high,Mobile game with no ending
Hay Day,Simulation / Management,high,Mobile farming with no ending
Clash of Clans,Competitive Multiplayer,high,Mobile strategy with no ending
Township,Simulation / Management,high,Mobile city builder with no ending
Idle Champions of the Forgotten Realms,Simulation / Management,high,Idle game with no ending
Cookie Clicker,Simulation / Management,high,Idle/clicker with no ending
Clicker Heroes,Simulation / Management,high,Idle/clicker with no ending
AdVenture Capitalist,Simulation / Management,high,Idle/clicker with no ending
Tap Titans 2,Simulation / Management,high,Idle/clicker with no ending
AFK Arena,MMO / Live Service,high,Gacha idle RPG with no ending
Raid: Shadow Legends,MMO / Live Service,high,Gacha RPG with no ending
Summoners War,MMO / Live Service,high,Gacha RPG with no ending
Epic Seven,MMO / Live Service,high,Gacha RPG with no ending
Arknights,MMO / Live Service,high,Gacha tower defense with no ending; ongoing story
Azur Lane,MMO / Live Service,high,Gacha with no ending
Fire Emblem Heroes,MMO / Live Service,high,Mobile gacha with no ending
Fate/Grand Order,MMO / Live Service,high,Mobile gacha with ongoing story
Granblue Fantasy,MMO / Live Service,high,Mobile gacha with no ending
Princess Connect! Re:Dive,MMO / Live Service,high,Mobile gacha with no ending
Blue Archive,MMO / Live Service,high,Mobile gacha with no ending
Nikke: Goddess of Victory,MMO / Live Service,high,Mobile gacha with no ending
Counter:Side,MMO / Live Service,high,Mobile gacha with no ending
Punishing: Gray Raven,MMO / Live Service,high,Mobile gacha with no ending
Pokemon GO,MMO / Live Service,high,AR game with no ending
Pokemon TCG Live,Competitive Multiplayer,high,Digital card game with no ending
Ingress,MMO / Live Service,high,AR game with no ending
Star Citizen,MMO / Live Service,high,Persistent universe MMO with no ending (still in alpha)
Albion Online,MMO / Live Service,high,Sandbox MMO with no ending
Second Life,Sandbox / Creative,high,Virtual world with no ending
Habbo,Sandbox / Creative,high,Social virtual world with no ending
IMVU,Sandbox / Creative,high,Social virtual world with no ending
Tower Unite,Sandbox / Creative,high,Social gaming platform with no ending
Crayta,Sandbox / Creative,high,Game creation platform with no ending
Robocraft,Competitive Multiplayer,high,Build and battle with no ending
Crossout,Competitive Multiplayer,high,Build and battle vehicular combat with no ending
Mech Warrior Online,Competitive Multiplayer,high,Mech combat with no ending
Star Conflict,Competitive Multiplayer,high,Space combat with no ending
Planetside 2,Competitive Multiplayer,high,MMOFPS with no ending
Arma 3 (multiplayer),Competitive Multiplayer,high,Military sandbox; multiplayer has no ending
DCS World,Simulation / Management,high,Flight combat sim with no ending
IL-2 Sturmovik: Great Battles,Simulation / Management,high,Flight combat sim with no ending
Civilization: Beyond Earth,Simulation / Management,medium,Has victory conditions but inherently endless replayable
Age of Empires IV (multiplayer),Competitive Multiplayer,medium,Has campaign but multiplayer/skirmish is endless
StarCraft II (multiplayer),Competitive Multiplayer,high,Competitive multiplayer has no ending (campaign is separate and completable)
Command & Conquer Remastered (multiplayer),Competitive Multiplayer,high,Multiplayer/skirmish is endless
Company of Heroes 3 (multiplayer),Competitive Multiplayer,medium,Campaign completable but multiplayer is endless
Total War: Pharaoh (multiplayer),Competitive Multiplayer,medium,Campaign has objectives but multiplayer is endless
Supremacy 1914,Competitive Multiplayer,high,Browser strategy with no ending
Forge of Empires,Simulation / Management,high,Browser/mobile strategy with no ending
Tribal Wars,Competitive Multiplayer,high,Browser strategy with no ending
Travian,Competitive Multiplayer,high,Browser strategy with no ending
OGame,Competitive Multiplayer,high,Browser space strategy with no ending
Power Wash Simulator,Simulation / Management,medium,Has completable career but zen/endless is how many play; borderline
Truck Simulator series,Simulation / Management,high,Driving sim with no ending
Bus Simulator 21,Simulation / Management,high,Driving sim with no ending
Snowrunner,Simulation / Management,medium,Has missions/contracts but open world trucking continues indefinitely
MudRunner,Simulation / Management,high,Off-road driving sim with no ending
The Hunter: Call of the Wild,Simulation / Management,high,Hunting sim with no ending
Fishing Planet,Simulation / Management,high,Fishing sim with no ending
Russian Fishing 4,Simulation / Management,high,Fishing sim with no ending
Golf It!,Competitive Multiplayer,high,Mini golf multiplayer with no ending
What the Golf!,Simulation / Management,medium,Has levels and a completion state; this IS completable — included at medium confidence for endless daily challenges only
Poly Bridge 2,Simulation / Management,medium,Has campaign puzzles that complete but sandbox continues
Besiege,Sandbox / Creative,medium,Has campaign levels but sandbox is primary
Scrap Mechanic,Sandbox / Creative,high,Sandbox building with no ending
Trailmakers,Sandbox / Creative,high,Vehicle building sandbox with no ending
Brick Rigs,Sandbox / Creative,high,Brick vehicle sandbox with no ending
Avorion,Sandbox / Creative,high,Space sandbox with no ending
Stormworks: Build and Rescue,Sandbox / Creative,high,Vehicle building sandbox with no ending
From the Depths,Sandbox / Creative,high,Vehicle building sandbox with no ending
Automation: The Car Company Tycoon,Simulation / Management,high,Car company sim with no ending
Motorsport Manager,Simulation / Management,high,Racing management with no ending
Roller Champions,Competitive Multiplayer,high,Sports multiplayer with no ending (shut down)
Multiversus,Competitive Multiplayer,high,Platform fighter with no ending
Battlerite,Competitive Multiplayer,high,Arena brawler with no ending
Realm Royale Reforged,Battle Royale,high,Battle royale with no ending
Super Mecha Champions,Battle Royale,high,Mecha battle royale with no ending
Farlight 84,Battle Royale,high,Battle royale with no ending
Surviv.io,Battle Royale,high,Browser battle royale with no ending
Zombs Royale,Battle Royale,high,Browser battle royale with no ending
Krunker,Competitive Multiplayer,high,Browser FPS with no ending
Shell Shockers,Competitive Multiplayer,high,Browser FPS with no ending
Slither.io,Competitive Multiplayer,high,Browser multiplayer with no ending
Agar.io,Competitive Multiplayer,high,Browser multiplayer with no ending
Diep.io,Competitive Multiplayer,high,Browser multiplayer with no ending
Surviv.io,Battle Royale,high,Browser battle royale with no ending
Bonk.io,Competitive Multiplayer,high,Browser physics brawler with no ending
Skribbl.io,Competitive Multiplayer,high,Browser drawing game with no ending
Wormate.io,Competitive Multiplayer,high,Browser multiplayer with no ending
Teeworlds,Competitive Multiplayer,high,2D multiplayer shooter with no ending
Xonotic,Competitive Multiplayer,high,Arena FPS with no ending
Fistful of Frags,Competitive Multiplayer,high,Western multiplayer FPS with no ending
Toribash,Competitive Multiplayer,high,Physics-based fighting with no ending
Deceit 2,Competitive Multiplayer,high,Social deduction with no ending
Dread Hunger,Competitive Multiplayer,high,Social deduction survival with no ending
Project Winter,Competitive Multiplayer,high,Social deduction survival with no ending
Throne and Liberty,MMO / Live Service,high,MMO with no ending
Tarisland,MMO / Live Service,high,MMO with no ending
Blue Protocol,MMO / Live Service,high,MMO with no ending
Torchlight Infinite,MMO / Live Service,high,Live service ARPG with no ending
Last Epoch,MMO / Live Service,medium,Has a campaign ending but live service seasonal play is primary
Undecember,MMO / Live Service,high,Live service ARPG with no ending
Arena Breakout,Competitive Multiplayer,high,Mobile extraction shooter with no ending
Delta Force: Hawk Ops,Competitive Multiplayer,high,Multiplayer shooter with no ending
Spectre Divide,Competitive Multiplayer,high,Competitive shooter with no ending
Marvel Rivals,Competitive Multiplayer,high,Hero shooter with no ending
Concord,Competitive Multiplayer,high,Hero shooter with no ending (shut down)
Lemnis Gate,Competitive Multiplayer,high,Time-loop strategy shooter with no ending
Naraka: Bladepoint,Battle Royale,high,Battle royale/action with no ending
Kagura Breaker,Competitive Multiplayer,high,Multiplayer action with no ending
Supervive,Competitive Multiplayer,high,MOBA battle royale with no ending
Deadlock,Competitive Multiplayer,high,Valve MOBA shooter with no ending
Predecessor,Competitive Multiplayer,high,MOBA with no ending
Fault: Elder Orb,Competitive Multiplayer,high,MOBA with no ending
Albion Online,MMO / Live Service,high,Sandbox MMO with no ending
Myth of Empires,Survival,high,Sandbox survival with no ending
Last Oasis,Survival,high,Nomadic survival MMO with no ending
Citadel: Forged with Fire,Survival,high,Survival RPG with no ending
Dark and Light,Survival,high,Survival RPG with no ending
Subsistence,Survival,high,Solo/co-op survival with no ending
The Wild Eight,Survival,medium,Has story elements but primarily survival with no ending
Abiotic Factor,Survival,high,Co-op survival with no ending
Soulmask,Survival,high,Survival with no ending
Palworld,Survival,medium,Has boss progression but primarily endless survival sandbox
Sunkenland,Survival,high,Survival with no ending
Smalland: Survive the Wilds,Survival,high,Survival with no ending
Necesse,Survival,medium,Has bosses but primarily endless survival sandbox
Vintage Story,Sandbox / Creative,high,Survival sandbox with no ending
Len's Island,Survival,medium,Has dungeon progression but survival/farming continues indefinitely
Craftopia,Survival,high,Survival sandbox with no ending
Longvinter,Survival,high,Survival with no ending
Occupy Mars: The Game,Survival,high,Survival sim with no ending
Breathedge,Survival,medium,Has a story campaign that IS completable; borderline
Volcanoids,Survival,medium,Has progression but no definitive ending
Chimeraland,Survival,high,Open world survival MMO with no ending
Just Dance 2024,Music / Rhythm,high,Dance game with no ending; score chase
Just Dance 2023,Music / Rhythm,high,Dance game with no ending
Taiko no Tatsujin: Drum 'n' Fun!,Music / Rhythm,high,Rhythm game with no ending
Rhythm Doctor,Music / Rhythm,medium,Has campaign levels but endless custom levels
Friday Night Funkin',Music / Rhythm,medium,Has weeks/story but modding community makes it effectively endless
Project Diva Mega Mix+,Music / Rhythm,high,Rhythm game with no ending; score chase
Muse Dash,Music / Rhythm,high,Rhythm game with no ending; score chase
Geometry Dash,Music / Rhythm,high,Rhythm platformer with user levels; no ending
DJMAX Respect V,Music / Rhythm,high,Rhythm game with no ending
Groove Coaster,Music / Rhythm,high,Rhythm game with no ending
Deemo,Music / Rhythm,medium,Has a story ending but rhythm gameplay continues indefinitely
Cytus II,Music / Rhythm,medium,Has story elements but rhythm gameplay is endless
Arcaea,Music / Rhythm,high,Rhythm game with no ending
Phigros,Music / Rhythm,high,Rhythm game with no ending
Rotaeno,Music / Rhythm,high,Rhythm game with no ending
Musync,Music / Rhythm,high,Rhythm game with no ending
Robeats,Music / Rhythm,high,Roblox rhythm game with no ending
A Dance of Fire and Ice,Music / Rhythm,high,Rhythm game with levels but no overarching ending; score chase
Melatonin,Music / Rhythm,medium,Has chapters but rhythm gameplay loops
Fuser,Music / Rhythm,high,DJ mixing game with no ending
Unpacking,Simulation / Management,medium,Has clear levels and an ending; this IS completable — lower confidence
Dorfromantik,Simulation / Management,medium,"Has a ""classic"" score mode that is endless but also has campaign with endings"
Mini Motorways,Simulation / Management,high,Endless strategy puzzle with no ending
Mini Metro,Simulation / Management,high,Endless strategy puzzle with no ending
Islanders,Simulation / Management,high,Endless city builder puzzle with no ending
Townscaper,Sandbox / Creative,high,Creative building toy with no ending
Bad North,Simulation / Management,medium,Has a final island but roguelike loop continues
Luck be a Landlord,Endless Roguelike,medium,Has floors and a final boss but loop structure is effectively endless
Backpack Hero,Endless Roguelike,medium,Has endings but roguelike loop continues
Dome Keeper,Endless Roguelike,medium,Has prestige mode; run-based with no true ending
Poker Night 2,Competitive Multiplayer,high,Card game with no ending
Prominence Poker,Competitive Multiplayer,high,Poker game with no ending
PokerStars VR,Competitive Multiplayer,high,Poker in VR with no ending